{"cameraMode":{"drawMode":0,"name":"Shaded","section":"Shading Mode"},"sceneLighting":false,"audioPlay":false,"sceneViewState":{"showFog":true,"showMaterialUpdate":false,"showSkybox":true,"showFlares":true,"showImageEffects":true,"showParticleSystems":true},"in2DMode":false,"pivot":{"x":-12.17029857635498,"y":3.209052562713623,"z":-0.9267730712890625},"rotation":{"x":-0.03775554150342941,"y":0.7507702708244324,"z":-0.04307349771261215,"w":-0.658076822757721},"size":29.126712799072267,"orthographic":false}