{"cameraMode":{"drawMode":0,"name":"Shaded","section":"Shading Mode"},"sceneLighting":false,"audioPlay":false,"sceneViewState":{"showFog":true,"showMaterialUpdate":true,"showSkybox":true,"showFlares":true,"showImageEffects":true,"showParticleSystems":true},"in2DMode":false,"pivot":{"x":-0.9930906295776367,"y":2.589885711669922,"z":-1.1598377227783204},"rotation":{"x":-0.3295758068561554,"y":0.04868408292531967,"z":-0.017023717984557153,"w":-0.9427481889724731},"size":34.11561965942383,"orthographic":false}