{"cameraMode":{"drawMode":0,"name":"Shaded","section":"Shading Mode"},"sceneLighting":false,"audioPlay":false,"sceneViewState":{"showFog":true,"showMaterialUpdate":true,"showSkybox":true,"showFlares":true,"showImageEffects":true,"showParticleSystems":true},"in2DMode":false,"pivot":{"x":-25.96045684814453,"y":60.0063362121582,"z":27.62274932861328},"rotation":{"x":0.1380583643913269,"y":-0.6351110339164734,"z":0.11675909161567688,"w":0.7509716153144836},"size":395.865478515625,"orthographic":false}