{"cameraMode":{"drawMode":0,"name":"Shaded","section":"Shading Mode"},"sceneLighting":false,"audioPlay":false,"sceneViewState":{"showFog":true,"showMaterialUpdate":true,"showSkybox":true,"showFlares":true,"showImageEffects":true,"showParticleSystems":true},"in2DMode":false,"pivot":{"x":-0.8666481971740723,"y":2.6902172565460207,"z":0.24105358123779298},"rotation":{"x":-0.3295758068561554,"y":0.04868408292531967,"z":-0.017023717984557153,"w":-0.9427481889724731},"size":27.936277389526368,"orthographic":false}