{"cameraMode":{"drawMode":0,"name":"Shaded","section":"Shading Mode"},"sceneLighting":false,"audioPlay":false,"sceneViewState":{"showFog":true,"showMaterialUpdate":true,"showSkybox":true,"showFlares":true,"showImageEffects":true,"showParticleSystems":true},"in2DMode":false,"pivot":{"x":-0.8886260986328125,"y":-5.577173233032227,"z":-29.000083923339845},"rotation":{"x":0.44918158650398257,"y":-0.5312849879264832,"z":0.39997878670692446,"w":0.5966708660125732},"size":37.15036392211914,"orthographic":false}