{"cameraMode":{"drawMode":0,"name":"Shaded","section":"Shading Mode"},"sceneLighting":false,"audioPlay":false,"sceneViewState":{"showFog":true,"showMaterialUpdate":true,"showSkybox":true,"showFlares":true,"showImageEffects":true,"showParticleSystems":true},"in2DMode":false,"pivot":{"x":-49.580238342285159,"y":39.55336380004883,"z":30.681087493896486},"rotation":{"x":0.06694455444812775,"y":-0.6534188985824585,"z":0.05818209424614906,"w":0.7517948746681213},"size":33.358428955078128,"orthographic":false}