{"cameraMode":{"drawMode":0,"name":"Shaded","section":"Shading Mode"},"sceneLighting":false,"audioPlay":false,"sceneViewState":{"showFog":true,"showMaterialUpdate":true,"showSkybox":true,"showFlares":true,"showImageEffects":true,"showParticleSystems":true},"in2DMode":false,"pivot":{"x":2.025728464126587,"y":1.8523181676864625,"z":14.364133834838868},"rotation":{"x":-0.3295758068561554,"y":0.04868408292531967,"z":-0.017023717984557153,"w":-0.9427481889724731},"size":3.7001380920410158,"orthographic":false}