{"cameraMode":{"drawMode":0,"name":"Shaded","section":"Shading Mode"},"sceneLighting":false,"audioPlay":false,"sceneViewState":{"showFog":true,"showMaterialUpdate":true,"showSkybox":true,"showFlares":true,"showImageEffects":true,"showParticleSystems":true},"in2DMode":false,"pivot":{"x":-7.66126823425293,"y":-7.383964538574219,"z":-0.18361711502075196},"rotation":{"x":0.36192336678504946,"y":-0.5612782835960388,"z":0.2978130877017975,"w":0.6821445226669312},"size":41.27263641357422,"orthographic":false}